--------------------------------------------------------
--  File created - วันพุธ-กันยายน-21-2554   
--------------------------------------------------------
--------------------------------------------------------
--  DDL for Sequence BILL_SEQ
--------------------------------------------------------

   CREATE SEQUENCE  "ADMIN"."BILL_SEQ"  MINVALUE 1 MAXVALUE 20000000 INCREMENT BY 1 START WITH 1000001 CACHE 20 NOORDER  NOCYCLE ;
--------------------------------------------------------
--  DDL for Sequence ORDER_SEQ
--------------------------------------------------------

   CREATE SEQUENCE  "ADMIN"."ORDER_SEQ"  MINVALUE 1 MAXVALUE 9999999999999999999999999999 INCREMENT BY 1 START WITH 20000001 CACHE 20 NOORDER  NOCYCLE ;
--------------------------------------------------------
--  DDL for Table BILLDETAIL
--------------------------------------------------------

  CREATE TABLE "ADMIN"."BILLDETAIL" 
   (	"BILL_NUMBER" VARCHAR2(11 CHAR), 
	"F_ID" VARCHAR2(4 CHAR), 
	"BILL_QUANTITY_KG" NUMBER, 
	"BILL_PRICE" NUMBER
   ) SEGMENT CREATION IMMEDIATE 
  PCTFREE 10 PCTUSED 40 INITRANS 1 MAXTRANS 255 NOCOMPRESS LOGGING
  STORAGE(INITIAL 65536 NEXT 1048576 MINEXTENTS 1 MAXEXTENTS 2147483645
  PCTINCREASE 0 FREELISTS 1 FREELIST GROUPS 1 BUFFER_POOL DEFAULT FLASH_CACHE DEFAULT CELL_FLASH_CACHE DEFAULT)
  TABLESPACE "USERS" ;
--------------------------------------------------------
--  DDL for Table BILLHEAD
--------------------------------------------------------

  CREATE TABLE "ADMIN"."BILLHEAD" 
   (	"BILL_NUMBER" VARCHAR2(11 CHAR), 
	"BILL_DATE" VARCHAR2(11 CHAR), 
	"ORC_ID" VARCHAR2(6 CHAR), 
	"M_ID" VARCHAR2(4 CHAR), 
	"STATUS" VARCHAR2(1 CHAR)
   ) SEGMENT CREATION IMMEDIATE 
  PCTFREE 10 PCTUSED 40 INITRANS 1 MAXTRANS 255 NOCOMPRESS LOGGING
  STORAGE(INITIAL 65536 NEXT 1048576 MINEXTENTS 1 MAXEXTENTS 2147483645
  PCTINCREASE 0 FREELISTS 1 FREELIST GROUPS 1 BUFFER_POOL DEFAULT FLASH_CACHE DEFAULT CELL_FLASH_CACHE DEFAULT)
  TABLESPACE "USERS" ;
--------------------------------------------------------
--  DDL for Table CUSTOMER
--------------------------------------------------------

  CREATE TABLE "ADMIN"."CUSTOMER" 
   (	"C_ID" NUMBER, 
	"C_FNAME" VARCHAR2(50 CHAR), 
	"C_LNAME" VARCHAR2(50 CHAR), 
	"C_ADDRESS" VARCHAR2(255 CHAR), 
	"PROVINCE_ID" NUMBER, 
	"C_TEL" VARCHAR2(50 CHAR), 
	"C_EMAIL" VARCHAR2(50 CHAR), 
	"C_PASSWORD" VARCHAR2(10 CHAR) DEFAULT NULL
   ) SEGMENT CREATION IMMEDIATE 
  PCTFREE 10 PCTUSED 40 INITRANS 1 MAXTRANS 255 NOCOMPRESS LOGGING
  STORAGE(INITIAL 65536 NEXT 1048576 MINEXTENTS 1 MAXEXTENTS 2147483645
  PCTINCREASE 0 FREELISTS 1 FREELIST GROUPS 1 BUFFER_POOL DEFAULT FLASH_CACHE DEFAULT CELL_FLASH_CACHE DEFAULT)
  TABLESPACE "USERS" ;
--------------------------------------------------------
--  DDL for Table FRUITSTOCK
--------------------------------------------------------

  CREATE TABLE "ADMIN"."FRUITSTOCK" 
   (	"F_ID" VARCHAR2(4 CHAR), 
	"F_NAME" VARCHAR2(50 CHAR), 
	"INSTOCK_KG" NUMBER
   ) SEGMENT CREATION IMMEDIATE 
  PCTFREE 10 PCTUSED 40 INITRANS 1 MAXTRANS 255 NOCOMPRESS LOGGING
  STORAGE(INITIAL 65536 NEXT 1048576 MINEXTENTS 1 MAXEXTENTS 2147483645
  PCTINCREASE 0 FREELISTS 1 FREELIST GROUPS 1 BUFFER_POOL DEFAULT FLASH_CACHE DEFAULT CELL_FLASH_CACHE DEFAULT)
  TABLESPACE "USERS" ;
--------------------------------------------------------
--  DDL for Table MEMBER
--------------------------------------------------------

  CREATE TABLE "ADMIN"."MEMBER" 
   (	"M_ID" VARCHAR2(4 CHAR), 
	"M_FNAME" VARCHAR2(50 CHAR), 
	"M_LNAME" VARCHAR2(50 CHAR), 
	"P_ID" VARCHAR2(2 CHAR), 
	"M_ADDRESS" VARCHAR2(255 CHAR), 
	"PROVINCE_ID" NUMBER, 
	"M_TEL" VARCHAR2(50 CHAR), 
	"M_EMAIL" VARCHAR2(50 CHAR), 
	"M_PASSWORD" VARCHAR2(10 CHAR) DEFAULT NULL
   ) SEGMENT CREATION IMMEDIATE 
  PCTFREE 10 PCTUSED 40 INITRANS 1 MAXTRANS 255 NOCOMPRESS LOGGING
  STORAGE(INITIAL 65536 NEXT 1048576 MINEXTENTS 1 MAXEXTENTS 2147483645
  PCTINCREASE 0 FREELISTS 1 FREELIST GROUPS 1 BUFFER_POOL DEFAULT FLASH_CACHE DEFAULT CELL_FLASH_CACHE DEFAULT)
  TABLESPACE "USERS" ;
--------------------------------------------------------
--  DDL for Table ORCHARD
--------------------------------------------------------

  CREATE TABLE "ADMIN"."ORCHARD" 
   (	"ORC_ID" VARCHAR2(6 CHAR), 
	"ORC_NAME" VARCHAR2(255 CHAR), 
	"ORC_ADDRESS" VARCHAR2(255 CHAR), 
	"PROVINCE_ID" NUMBER(2,0), 
	"ORC_TEL" VARCHAR2(50 CHAR), 
	"ORC_EMAIL" VARCHAR2(50 CHAR)
   ) SEGMENT CREATION IMMEDIATE 
  PCTFREE 10 PCTUSED 40 INITRANS 1 MAXTRANS 255 NOCOMPRESS LOGGING
  STORAGE(INITIAL 65536 NEXT 1048576 MINEXTENTS 1 MAXEXTENTS 2147483645
  PCTINCREASE 0 FREELISTS 1 FREELIST GROUPS 1 BUFFER_POOL DEFAULT FLASH_CACHE DEFAULT CELL_FLASH_CACHE DEFAULT)
  TABLESPACE "USERS" ;
--------------------------------------------------------
--  DDL for Table ORDERDETAIL
--------------------------------------------------------

  CREATE TABLE "ADMIN"."ORDERDETAIL" 
   (	"ORDER_NUMBER" VARCHAR2(11 CHAR), 
	"F_ID" VARCHAR2(4 CHAR), 
	"ORDER_QUANTITY_KG" NUMBER, 
	"ORDER_PRICE" NUMBER
   ) SEGMENT CREATION IMMEDIATE 
  PCTFREE 10 PCTUSED 40 INITRANS 1 MAXTRANS 255 NOCOMPRESS LOGGING
  STORAGE(INITIAL 65536 NEXT 1048576 MINEXTENTS 1 MAXEXTENTS 2147483645
  PCTINCREASE 0 FREELISTS 1 FREELIST GROUPS 1 BUFFER_POOL DEFAULT FLASH_CACHE DEFAULT CELL_FLASH_CACHE DEFAULT)
  TABLESPACE "USERS" ;
--------------------------------------------------------
--  DDL for Table ORDERHEAD
--------------------------------------------------------

  CREATE TABLE "ADMIN"."ORDERHEAD" 
   (	"ORDER_NUMBER" VARCHAR2(11 CHAR), 
	"ORDER_DATE" VARCHAR2(11 CHAR), 
	"C_ID" NUMBER, 
	"STATUS" VARCHAR2(1 CHAR), 
	"R_DATE" VARCHAR2(11 CHAR)
   ) SEGMENT CREATION IMMEDIATE 
  PCTFREE 10 PCTUSED 40 INITRANS 1 MAXTRANS 255 NOCOMPRESS LOGGING
  STORAGE(INITIAL 65536 NEXT 1048576 MINEXTENTS 1 MAXEXTENTS 2147483645
  PCTINCREASE 0 FREELISTS 1 FREELIST GROUPS 1 BUFFER_POOL DEFAULT FLASH_CACHE DEFAULT CELL_FLASH_CACHE DEFAULT)
  TABLESPACE "USERS" ;
--------------------------------------------------------
--  DDL for Table POSITION
--------------------------------------------------------

  CREATE TABLE "ADMIN"."POSITION" 
   (	"P_ID" VARCHAR2(2 CHAR), 
	"P_NAME" VARCHAR2(50 CHAR)
   ) SEGMENT CREATION IMMEDIATE 
  PCTFREE 10 PCTUSED 40 INITRANS 1 MAXTRANS 255 NOCOMPRESS LOGGING
  STORAGE(INITIAL 65536 NEXT 1048576 MINEXTENTS 1 MAXEXTENTS 2147483645
  PCTINCREASE 0 FREELISTS 1 FREELIST GROUPS 1 BUFFER_POOL DEFAULT FLASH_CACHE DEFAULT CELL_FLASH_CACHE DEFAULT)
  TABLESPACE "USERS" ;
--------------------------------------------------------
--  DDL for Table PROVINCE
--------------------------------------------------------

  CREATE TABLE "ADMIN"."PROVINCE" 
   (	"PROVINCE_ID" NUMBER(2,0), 
	"PROVINCE_NAME" VARCHAR2(50 CHAR)
   ) SEGMENT CREATION IMMEDIATE 
  PCTFREE 10 PCTUSED 40 INITRANS 1 MAXTRANS 255 NOCOMPRESS LOGGING
  STORAGE(INITIAL 65536 NEXT 1048576 MINEXTENTS 1 MAXEXTENTS 2147483645
  PCTINCREASE 0 FREELISTS 1 FREELIST GROUPS 1 BUFFER_POOL DEFAULT FLASH_CACHE DEFAULT CELL_FLASH_CACHE DEFAULT)
  TABLESPACE "USERS" ;

---------------------------------------------------
--   DATA FOR TABLE BILLDETAIL
--   FILTER = none used
---------------------------------------------------
REM INSERTING into ADMIN.BILLDETAIL
Insert into ADMIN.BILLDETAIL (BILL_NUMBER,F_ID,BILL_QUANTITY_KG,BILL_PRICE) values ('1000001','f005',80,7500);
Insert into ADMIN.BILLDETAIL (BILL_NUMBER,F_ID,BILL_QUANTITY_KG,BILL_PRICE) values ('1000003','f007',40,3100);
Insert into ADMIN.BILLDETAIL (BILL_NUMBER,F_ID,BILL_QUANTITY_KG,BILL_PRICE) values ('1000005','f008',40,3600);
Insert into ADMIN.BILLDETAIL (BILL_NUMBER,F_ID,BILL_QUANTITY_KG,BILL_PRICE) values ('1000005','f003',50,5400);
Insert into ADMIN.BILLDETAIL (BILL_NUMBER,F_ID,BILL_QUANTITY_KG,BILL_PRICE) values ('1000005','f011',80,7000);
Insert into ADMIN.BILLDETAIL (BILL_NUMBER,F_ID,BILL_QUANTITY_KG,BILL_PRICE) values ('1000002','f006',20,2600);
Insert into ADMIN.BILLDETAIL (BILL_NUMBER,F_ID,BILL_QUANTITY_KG,BILL_PRICE) values ('1000004','f009',20,3000);

---------------------------------------------------
--   END DATA FOR TABLE BILLDETAIL
---------------------------------------------------


---------------------------------------------------
--   DATA FOR TABLE BILLHEAD
--   FILTER = none used
---------------------------------------------------
REM INSERTING into ADMIN.BILLHEAD
Insert into ADMIN.BILLHEAD (BILL_NUMBER,BILL_DATE,ORC_ID,M_ID,STATUS) values ('1000001','30-Aug-2011','orc001','m001','Y');
Insert into ADMIN.BILLHEAD (BILL_NUMBER,BILL_DATE,ORC_ID,M_ID,STATUS) values ('1000005','03-Sep-2011','orc007','m002','N');
Insert into ADMIN.BILLHEAD (BILL_NUMBER,BILL_DATE,ORC_ID,M_ID,STATUS) values ('1000004','04-Sep-2011','orc005','m003','N');
Insert into ADMIN.BILLHEAD (BILL_NUMBER,BILL_DATE,ORC_ID,M_ID,STATUS) values ('1000003','31-Aug-2011','orc003','m003','Y');
Insert into ADMIN.BILLHEAD (BILL_NUMBER,BILL_DATE,ORC_ID,M_ID,STATUS) values ('1000002','02-Sep-2011','orc006','m003','Y');

---------------------------------------------------
--   END DATA FOR TABLE BILLHEAD
---------------------------------------------------


---------------------------------------------------
--   DATA FOR TABLE CUSTOMER
--   FILTER = none used
---------------------------------------------------
REM INSERTING into ADMIN.CUSTOMER
Insert into ADMIN.CUSTOMER (C_ID,C_FNAME,C_LNAME,C_ADDRESS,PROVINCE_ID,C_TEL,C_EMAIL,C_PASSWORD) values (1004,'ชาตรี','งามเบญจวงศ์','ปิ่นเกล้า',10,'086-711-8156','ping@yahoo.com','ping');
Insert into ADMIN.CUSTOMER (C_ID,C_FNAME,C_LNAME,C_ADDRESS,PROVINCE_ID,C_TEL,C_EMAIL,C_PASSWORD) values (1005,'อนณ','งามวุฒิวร','ถ.สมเด็จเจ้าพระยา คลองสาน',10,'084-478-4433','oui@yahoo.com','momay');
Insert into ADMIN.CUSTOMER (C_ID,C_FNAME,C_LNAME,C_ADDRESS,PROVINCE_ID,C_TEL,C_EMAIL,C_PASSWORD) values (1003,'User','User','อ.ลำลูกกา',13,'085-218-9730','user@hotmail.com','User');
Insert into ADMIN.CUSTOMER (C_ID,C_FNAME,C_LNAME,C_ADDRESS,PROVINCE_ID,C_TEL,C_EMAIL,C_PASSWORD) values (1001,'สมชัย','จึงประเสริฐ','อ.เมือง',11,'087-546-7894','somchai@live.com','1111');
Insert into ADMIN.CUSTOMER (C_ID,C_FNAME,C_LNAME,C_ADDRESS,PROVINCE_ID,C_TEL,C_EMAIL,C_PASSWORD) values (1002,'สิทธิโชค','ครองบุญ','อ.เมือง',12,'083-333-3333','boom@live.com','boom');

---------------------------------------------------
--   END DATA FOR TABLE CUSTOMER
---------------------------------------------------


---------------------------------------------------
--   DATA FOR TABLE FRUITSTOCK
--   FILTER = none used
---------------------------------------------------
REM INSERTING into ADMIN.FRUITSTOCK
Insert into ADMIN.FRUITSTOCK (F_ID,F_NAME,INSTOCK_KG) values ('f013','มะพร้าว',355);
Insert into ADMIN.FRUITSTOCK (F_ID,F_NAME,INSTOCK_KG) values ('f005','มะม่วงเขียวเสวย',2040);
Insert into ADMIN.FRUITSTOCK (F_ID,F_NAME,INSTOCK_KG) values ('f001','ส้มเขียวหวาน',1000);
Insert into ADMIN.FRUITSTOCK (F_ID,F_NAME,INSTOCK_KG) values ('f002','ส้มสายน้ำผึ้ง',980);
Insert into ADMIN.FRUITSTOCK (F_ID,F_NAME,INSTOCK_KG) values ('f003','ส้มบางมด',500);
Insert into ADMIN.FRUITSTOCK (F_ID,F_NAME,INSTOCK_KG) values ('f004','แอปเปิ้ล',1480);
Insert into ADMIN.FRUITSTOCK (F_ID,F_NAME,INSTOCK_KG) values ('f006','มะม่วงน้ำดอกไม้',820);
Insert into ADMIN.FRUITSTOCK (F_ID,F_NAME,INSTOCK_KG) values ('f007','ฝรั่ง',530);
Insert into ADMIN.FRUITSTOCK (F_ID,F_NAME,INSTOCK_KG) values ('f008','ชมพู่',900);
Insert into ADMIN.FRUITSTOCK (F_ID,F_NAME,INSTOCK_KG) values ('f009','ทุเรียน',1200);
Insert into ADMIN.FRUITSTOCK (F_ID,F_NAME,INSTOCK_KG) values ('f010','ลิ้นจี่',2000);
Insert into ADMIN.FRUITSTOCK (F_ID,F_NAME,INSTOCK_KG) values ('f011','เงาะ',1000);
Insert into ADMIN.FRUITSTOCK (F_ID,F_NAME,INSTOCK_KG) values ('f012','องุ่น',370);

---------------------------------------------------
--   END DATA FOR TABLE FRUITSTOCK
---------------------------------------------------


---------------------------------------------------
--   DATA FOR TABLE MEMBER
--   FILTER = none used
---------------------------------------------------
REM INSERTING into ADMIN.MEMBER
Insert into ADMIN.MEMBER (M_ID,M_FNAME,M_LNAME,P_ID,M_ADDRESS,PROVINCE_ID,M_TEL,M_EMAIL,M_PASSWORD) values ('m000','Admin','Admin','AM','ซ.สุขุมวิท 21 ถ.สุขุมวิท อโศก',10,'089-999-9999','admin@fruitfarm.com','Admin');
Insert into ADMIN.MEMBER (M_ID,M_FNAME,M_LNAME,P_ID,M_ADDRESS,PROVINCE_ID,M_TEL,M_EMAIL,M_PASSWORD) values ('m003','ศากุน','วิริยพัตร','PM','อ.เมือง',72,'089-888-5647','tak@hotmail.com','2222');
Insert into ADMIN.MEMBER (M_ID,M_FNAME,M_LNAME,P_ID,M_ADDRESS,PROVINCE_ID,M_TEL,M_EMAIL,M_PASSWORD) values ('m001','ไชยวัฒน์','จิระพงศ์พัฒนา','AM','ถ.เจริญนคร วงเวียนใหญ่',10,'089-111-1111','pong@live.com','9898');
Insert into ADMIN.MEMBER (M_ID,M_FNAME,M_LNAME,P_ID,M_ADDRESS,PROVINCE_ID,M_TEL,M_EMAIL,M_PASSWORD) values ('m002','อติชาต','สัตย์เพริศพราย','WM','ถ.เพชรบุรี อโศก',10,'089-111-1112','bank@yahoo.com','1111');
Insert into ADMIN.MEMBER (M_ID,M_FNAME,M_LNAME,P_ID,M_ADDRESS,PROVINCE_ID,M_TEL,M_EMAIL,M_PASSWORD) values ('m005','กนกพร','แสงปลาย','FC','อนุสาวรีย์ชัยสมรภูมิ  ราชเทวี',10,'086-563-2481','fah@hotmail.com','fah');
Insert into ADMIN.MEMBER (M_ID,M_FNAME,M_LNAME,P_ID,M_ADDRESS,PROVINCE_ID,M_TEL,M_EMAIL,M_PASSWORD) values ('m006','ทิพวรรณ','เหลืองศิริธัญญะ','PM','อ.เสมา',14,'086-761-0035','noo@gmail.com','noo');
Insert into ADMIN.MEMBER (M_ID,M_FNAME,M_LNAME,P_ID,M_ADDRESS,PROVINCE_ID,M_TEL,M_EMAIL,M_PASSWORD) values ('m004','วรัชญ์','วาสบุญมา','SM','อ.พระปฐมเจดีย์',73,'085-411-2539','klao@gmail.com','3333');

---------------------------------------------------
--   END DATA FOR TABLE MEMBER
---------------------------------------------------


---------------------------------------------------
--   DATA FOR TABLE ORCHARD
--   FILTER = none used
---------------------------------------------------
REM INSERTING into ADMIN.ORCHARD
Insert into ADMIN.ORCHARD (ORC_ID,ORC_NAME,ORC_ADDRESS,PROVINCE_ID,ORC_TEL,ORC_EMAIL) values ('orc001','ไร่ธนาธร','อ.เมือง',50,'084-444-4444','tanathorn@live.com');
Insert into ADMIN.ORCHARD (ORC_ID,ORC_NAME,ORC_ADDRESS,PROVINCE_ID,ORC_TEL,ORC_EMAIL) values ('orc002','ไร่ดาริกา','อ.พาน',57,'086-666-6666','darika@live.com');
Insert into ADMIN.ORCHARD (ORC_ID,ORC_NAME,ORC_ADDRESS,PROVINCE_ID,ORC_TEL,ORC_EMAIL) values ('orc003','ไร่แม่เมย','อ.แม่สาย',63,'085-398-7567','maemeay@live.com');
Insert into ADMIN.ORCHARD (ORC_ID,ORC_NAME,ORC_ADDRESS,PROVINCE_ID,ORC_TEL,ORC_EMAIL) values ('orc004','ไร่สาธร','อ.เมือง',10,'083-333-4333','satron@hotmail.com');
Insert into ADMIN.ORCHARD (ORC_ID,ORC_NAME,ORC_ADDRESS,PROVINCE_ID,ORC_TEL,ORC_EMAIL) values ('orc005','ไร่อมร','อ.ฝาง',50,'085-325-2907','amon@hotmail.com');
Insert into ADMIN.ORCHARD (ORC_ID,ORC_NAME,ORC_ADDRESS,PROVINCE_ID,ORC_TEL,ORC_EMAIL) values ('orc006','ไร่สิริวรรณ','อ.เมือง',22,'089-865-4789','siriwan@live.com');
Insert into ADMIN.ORCHARD (ORC_ID,ORC_NAME,ORC_ADDRESS,PROVINCE_ID,ORC_TEL,ORC_EMAIL) values ('orc007','ไร่พงษ์พัน','อ.ละงู',51,'089-933-4451','pongpan@live.com');

---------------------------------------------------
--   END DATA FOR TABLE ORCHARD
---------------------------------------------------


---------------------------------------------------
--   DATA FOR TABLE ORDERDETAIL
--   FILTER = none used
---------------------------------------------------
REM INSERTING into ADMIN.ORDERDETAIL
Insert into ADMIN.ORDERDETAIL (ORDER_NUMBER,F_ID,ORDER_QUANTITY_KG,ORDER_PRICE) values ('20000002','f004',20,1200);
Insert into ADMIN.ORDERDETAIL (ORDER_NUMBER,F_ID,ORDER_QUANTITY_KG,ORDER_PRICE) values ('20000007','f001',35,4500);
Insert into ADMIN.ORDERDETAIL (ORDER_NUMBER,F_ID,ORDER_QUANTITY_KG,ORDER_PRICE) values ('20000008','f013',45,4000);
Insert into ADMIN.ORDERDETAIL (ORDER_NUMBER,F_ID,ORDER_QUANTITY_KG,ORDER_PRICE) values ('20000004','f003',20,2200);
Insert into ADMIN.ORDERDETAIL (ORDER_NUMBER,F_ID,ORDER_QUANTITY_KG,ORDER_PRICE) values ('20000007','f009',45,4900);
Insert into ADMIN.ORDERDETAIL (ORDER_NUMBER,F_ID,ORDER_QUANTITY_KG,ORDER_PRICE) values ('20000011','f008',90,-1);
Insert into ADMIN.ORDERDETAIL (ORDER_NUMBER,F_ID,ORDER_QUANTITY_KG,ORDER_PRICE) values ('20000009','f003',40,4100);
Insert into ADMIN.ORDERDETAIL (ORDER_NUMBER,F_ID,ORDER_QUANTITY_KG,ORDER_PRICE) values ('20000001','f002',20,1300);
Insert into ADMIN.ORDERDETAIL (ORDER_NUMBER,F_ID,ORDER_QUANTITY_KG,ORDER_PRICE) values ('20000003','f007',10,950);
Insert into ADMIN.ORDERDETAIL (ORDER_NUMBER,F_ID,ORDER_QUANTITY_KG,ORDER_PRICE) values ('20000003','f012',30,1500);
Insert into ADMIN.ORDERDETAIL (ORDER_NUMBER,F_ID,ORDER_QUANTITY_KG,ORDER_PRICE) values ('20000004','f009',25,2300);
Insert into ADMIN.ORDERDETAIL (ORDER_NUMBER,F_ID,ORDER_QUANTITY_KG,ORDER_PRICE) values ('20000004','f001',30,2900);
Insert into ADMIN.ORDERDETAIL (ORDER_NUMBER,F_ID,ORDER_QUANTITY_KG,ORDER_PRICE) values ('20000005','f008',40,4000);
Insert into ADMIN.ORDERDETAIL (ORDER_NUMBER,F_ID,ORDER_QUANTITY_KG,ORDER_PRICE) values ('20000006','f010',30,-1);
Insert into ADMIN.ORDERDETAIL (ORDER_NUMBER,F_ID,ORDER_QUANTITY_KG,ORDER_PRICE) values ('20000006','f006',10,-1);
Insert into ADMIN.ORDERDETAIL (ORDER_NUMBER,F_ID,ORDER_QUANTITY_KG,ORDER_PRICE) values ('20000007','f008',70,8000);
Insert into ADMIN.ORDERDETAIL (ORDER_NUMBER,F_ID,ORDER_QUANTITY_KG,ORDER_PRICE) values ('20000009','f001',78,5500);
Insert into ADMIN.ORDERDETAIL (ORDER_NUMBER,F_ID,ORDER_QUANTITY_KG,ORDER_PRICE) values ('20000006','f005',20,-1);
Insert into ADMIN.ORDERDETAIL (ORDER_NUMBER,F_ID,ORDER_QUANTITY_KG,ORDER_PRICE) values ('20000009','f004',67,4500);
Insert into ADMIN.ORDERDETAIL (ORDER_NUMBER,F_ID,ORDER_QUANTITY_KG,ORDER_PRICE) values ('20000009','f011',30,3600);
Insert into ADMIN.ORDERDETAIL (ORDER_NUMBER,F_ID,ORDER_QUANTITY_KG,ORDER_PRICE) values ('20000010','f010',60,6500);

---------------------------------------------------
--   END DATA FOR TABLE ORDERDETAIL
---------------------------------------------------


---------------------------------------------------
--   DATA FOR TABLE ORDERHEAD
--   FILTER = none used
---------------------------------------------------
REM INSERTING into ADMIN.ORDERHEAD
Insert into ADMIN.ORDERHEAD (ORDER_NUMBER,ORDER_DATE,C_ID,STATUS,R_DATE) values ('20000008','31-Aug-2011',1003,'Y','01-Sep-2011');
Insert into ADMIN.ORDERHEAD (ORDER_NUMBER,ORDER_DATE,C_ID,STATUS,R_DATE) values ('20000010','21-Sep-2011',1005,'N','-');
Insert into ADMIN.ORDERHEAD (ORDER_NUMBER,ORDER_DATE,C_ID,STATUS,R_DATE) values ('20000011','23-Sep-2011',1003,'N','-');
Insert into ADMIN.ORDERHEAD (ORDER_NUMBER,ORDER_DATE,C_ID,STATUS,R_DATE) values ('20000003','07-Sep-2011',1002,'Y','09-Sep-2011');
Insert into ADMIN.ORDERHEAD (ORDER_NUMBER,ORDER_DATE,C_ID,STATUS,R_DATE) values ('20000001','01-Sep-2011',1001,'Y','03-Sep-2011');
Insert into ADMIN.ORDERHEAD (ORDER_NUMBER,ORDER_DATE,C_ID,STATUS,R_DATE) values ('20000002','06-Sep-2011',1002,'Y','07-Sep-2011');
Insert into ADMIN.ORDERHEAD (ORDER_NUMBER,ORDER_DATE,C_ID,STATUS,R_DATE) values ('20000004','08-Sep-2011',1004,'N','-');
Insert into ADMIN.ORDERHEAD (ORDER_NUMBER,ORDER_DATE,C_ID,STATUS,R_DATE) values ('20000005','11-Sep-2011',1005,'N','-');
Insert into ADMIN.ORDERHEAD (ORDER_NUMBER,ORDER_DATE,C_ID,STATUS,R_DATE) values ('20000006','12-Sep-2011',1005,'N','-');
Insert into ADMIN.ORDERHEAD (ORDER_NUMBER,ORDER_DATE,C_ID,STATUS,R_DATE) values ('20000007','15-Sep-2011',1003,'N','-');
Insert into ADMIN.ORDERHEAD (ORDER_NUMBER,ORDER_DATE,C_ID,STATUS,R_DATE) values ('20000009','16-Sep-2011',1003,'N','-');

---------------------------------------------------
--   END DATA FOR TABLE ORDERHEAD
---------------------------------------------------


---------------------------------------------------
--   DATA FOR TABLE POSITION
--   FILTER = none used
---------------------------------------------------
REM INSERTING into ADMIN.POSITION
Insert into ADMIN.POSITION (P_ID,P_NAME) values ('WM','ผู้จัดการฝ่ายคลังสินค้า');
Insert into ADMIN.POSITION (P_ID,P_NAME) values ('FC','ผู้ควบคุมการเงินและบัญชี');
Insert into ADMIN.POSITION (P_ID,P_NAME) values ('AM','ผู้จัดการฝ่ายบริหาร');
Insert into ADMIN.POSITION (P_ID,P_NAME) values ('SM','ผู้จัดการฝ่ายขาย');
Insert into ADMIN.POSITION (P_ID,P_NAME) values ('PM','ผู้จัดการฝ่ายจัดซื้อ');

---------------------------------------------------
--   END DATA FOR TABLE POSITION
---------------------------------------------------


---------------------------------------------------
--   DATA FOR TABLE PROVINCE
--   FILTER = none used
---------------------------------------------------
REM INSERTING into ADMIN.PROVINCE
Insert into ADMIN.PROVINCE (PROVINCE_ID,PROVINCE_NAME) values (11,'สมุทรปราการ');
Insert into ADMIN.PROVINCE (PROVINCE_ID,PROVINCE_NAME) values (10,'กรุงเทพมหานคร');
Insert into ADMIN.PROVINCE (PROVINCE_ID,PROVINCE_NAME) values (12,'นนทบุรี');
Insert into ADMIN.PROVINCE (PROVINCE_ID,PROVINCE_NAME) values (13,'ปทุมธานี');
Insert into ADMIN.PROVINCE (PROVINCE_ID,PROVINCE_NAME) values (14,'พระนครศรีอยุธยา');
Insert into ADMIN.PROVINCE (PROVINCE_ID,PROVINCE_NAME) values (15,'อ่างทอง');
Insert into ADMIN.PROVINCE (PROVINCE_ID,PROVINCE_NAME) values (16,'ลพบุรี');
Insert into ADMIN.PROVINCE (PROVINCE_ID,PROVINCE_NAME) values (17,'สิงห์บุรี');
Insert into ADMIN.PROVINCE (PROVINCE_ID,PROVINCE_NAME) values (18,'ชัยนาท');
Insert into ADMIN.PROVINCE (PROVINCE_ID,PROVINCE_NAME) values (19,'สระบุรี');
Insert into ADMIN.PROVINCE (PROVINCE_ID,PROVINCE_NAME) values (20,'ชลบุรี');
Insert into ADMIN.PROVINCE (PROVINCE_ID,PROVINCE_NAME) values (21,'ระยอง');
Insert into ADMIN.PROVINCE (PROVINCE_ID,PROVINCE_NAME) values (22,'จันทบุรี');
Insert into ADMIN.PROVINCE (PROVINCE_ID,PROVINCE_NAME) values (23,'ตราด');
Insert into ADMIN.PROVINCE (PROVINCE_ID,PROVINCE_NAME) values (24,'ฉะเชิงเทรา');
Insert into ADMIN.PROVINCE (PROVINCE_ID,PROVINCE_NAME) values (25,'ปราจีนบุรี');
Insert into ADMIN.PROVINCE (PROVINCE_ID,PROVINCE_NAME) values (26,'นครนายก');
Insert into ADMIN.PROVINCE (PROVINCE_ID,PROVINCE_NAME) values (30,'นครราชสีมา');
Insert into ADMIN.PROVINCE (PROVINCE_ID,PROVINCE_NAME) values (31,'บุรีรัมย์');
Insert into ADMIN.PROVINCE (PROVINCE_ID,PROVINCE_NAME) values (32,'สุรินทร์');
Insert into ADMIN.PROVINCE (PROVINCE_ID,PROVINCE_NAME) values (33,'ศรีสะเกษ');
Insert into ADMIN.PROVINCE (PROVINCE_ID,PROVINCE_NAME) values (34,'อุบลราชธานี');
Insert into ADMIN.PROVINCE (PROVINCE_ID,PROVINCE_NAME) values (35,'ยโสธร');
Insert into ADMIN.PROVINCE (PROVINCE_ID,PROVINCE_NAME) values (36,'ชัยภูมิ');
Insert into ADMIN.PROVINCE (PROVINCE_ID,PROVINCE_NAME) values (40,'ขอนแก่น');
Insert into ADMIN.PROVINCE (PROVINCE_ID,PROVINCE_NAME) values (41,'อุดรธานี');
Insert into ADMIN.PROVINCE (PROVINCE_ID,PROVINCE_NAME) values (42,'เลย');
Insert into ADMIN.PROVINCE (PROVINCE_ID,PROVINCE_NAME) values (43,'หนองคาย');
Insert into ADMIN.PROVINCE (PROVINCE_ID,PROVINCE_NAME) values (44,'มหาสารคาม');
Insert into ADMIN.PROVINCE (PROVINCE_ID,PROVINCE_NAME) values (45,'ร้อยเอ็ด');
Insert into ADMIN.PROVINCE (PROVINCE_ID,PROVINCE_NAME) values (46,'กาฬสินธุ์');
Insert into ADMIN.PROVINCE (PROVINCE_ID,PROVINCE_NAME) values (47,'สกลนคร');
Insert into ADMIN.PROVINCE (PROVINCE_ID,PROVINCE_NAME) values (48,'นครพนม');
Insert into ADMIN.PROVINCE (PROVINCE_ID,PROVINCE_NAME) values (49,'มุกดาหาร');
Insert into ADMIN.PROVINCE (PROVINCE_ID,PROVINCE_NAME) values (50,'เชียงใหม่');
Insert into ADMIN.PROVINCE (PROVINCE_ID,PROVINCE_NAME) values (51,'ลำพูน');
Insert into ADMIN.PROVINCE (PROVINCE_ID,PROVINCE_NAME) values (52,'ลำปาง');
Insert into ADMIN.PROVINCE (PROVINCE_ID,PROVINCE_NAME) values (53,'อุตรดิตถ์');
Insert into ADMIN.PROVINCE (PROVINCE_ID,PROVINCE_NAME) values (54,'แพร่');
Insert into ADMIN.PROVINCE (PROVINCE_ID,PROVINCE_NAME) values (55,'น่าน');
Insert into ADMIN.PROVINCE (PROVINCE_ID,PROVINCE_NAME) values (56,'พะเยา');
Insert into ADMIN.PROVINCE (PROVINCE_ID,PROVINCE_NAME) values (57,'เชียงราย');
Insert into ADMIN.PROVINCE (PROVINCE_ID,PROVINCE_NAME) values (58,'แม่ฮ่องสอน');
Insert into ADMIN.PROVINCE (PROVINCE_ID,PROVINCE_NAME) values (60,'นครสวรรค์');
Insert into ADMIN.PROVINCE (PROVINCE_ID,PROVINCE_NAME) values (61,'อุทัยธานี');
Insert into ADMIN.PROVINCE (PROVINCE_ID,PROVINCE_NAME) values (62,'กำแพงเพชร');
Insert into ADMIN.PROVINCE (PROVINCE_ID,PROVINCE_NAME) values (63,'ตาก');
Insert into ADMIN.PROVINCE (PROVINCE_ID,PROVINCE_NAME) values (64,'สุโขทัย');
Insert into ADMIN.PROVINCE (PROVINCE_ID,PROVINCE_NAME) values (65,'พิษณุโลก');
Insert into ADMIN.PROVINCE (PROVINCE_ID,PROVINCE_NAME) values (66,'พิจิตร');
Insert into ADMIN.PROVINCE (PROVINCE_ID,PROVINCE_NAME) values (67,'เพชรบูรณ์');
Insert into ADMIN.PROVINCE (PROVINCE_ID,PROVINCE_NAME) values (70,'ราชบุรี');
Insert into ADMIN.PROVINCE (PROVINCE_ID,PROVINCE_NAME) values (71,'กาญจนบุรี');
Insert into ADMIN.PROVINCE (PROVINCE_ID,PROVINCE_NAME) values (72,'สุพรรณบุรี');
Insert into ADMIN.PROVINCE (PROVINCE_ID,PROVINCE_NAME) values (73,'นครปฐม');
Insert into ADMIN.PROVINCE (PROVINCE_ID,PROVINCE_NAME) values (74,'สมุทรสาคร');
Insert into ADMIN.PROVINCE (PROVINCE_ID,PROVINCE_NAME) values (75,'สมุทรสงคราม');
Insert into ADMIN.PROVINCE (PROVINCE_ID,PROVINCE_NAME) values (76,'เพชรบุรี');
Insert into ADMIN.PROVINCE (PROVINCE_ID,PROVINCE_NAME) values (77,'ประจวบคีรีขันธ์');
Insert into ADMIN.PROVINCE (PROVINCE_ID,PROVINCE_NAME) values (80,'นครศรีธรรมราช');

---------------------------------------------------
--   END DATA FOR TABLE PROVINCE
---------------------------------------------------

--------------------------------------------------------
--  Constraints for Table ORCHARD
--------------------------------------------------------

  ALTER TABLE "ADMIN"."ORCHARD" ADD CONSTRAINT "ORCHARD_PK" PRIMARY KEY ("ORC_ID")
  USING INDEX PCTFREE 10 INITRANS 2 MAXTRANS 255 COMPUTE STATISTICS 
  STORAGE(INITIAL 65536 NEXT 1048576 MINEXTENTS 1 MAXEXTENTS 2147483645
  PCTINCREASE 0 FREELISTS 1 FREELIST GROUPS 1 BUFFER_POOL DEFAULT FLASH_CACHE DEFAULT CELL_FLASH_CACHE DEFAULT)
  TABLESPACE "USERS"  ENABLE;
 
  ALTER TABLE "ADMIN"."ORCHARD" MODIFY ("ORC_ID" NOT NULL ENABLE);
 
  ALTER TABLE "ADMIN"."ORCHARD" MODIFY ("ORC_NAME" NOT NULL ENABLE);
 
  ALTER TABLE "ADMIN"."ORCHARD" MODIFY ("ORC_ADDRESS" NOT NULL ENABLE);
 
  ALTER TABLE "ADMIN"."ORCHARD" MODIFY ("PROVINCE_ID" NOT NULL ENABLE);
--------------------------------------------------------
--  Constraints for Table CUSTOMER
--------------------------------------------------------

  ALTER TABLE "ADMIN"."CUSTOMER" ADD CONSTRAINT "CUSTOMER_PK" PRIMARY KEY ("C_ID")
  USING INDEX PCTFREE 10 INITRANS 2 MAXTRANS 255 COMPUTE STATISTICS 
  STORAGE(INITIAL 65536 NEXT 1048576 MINEXTENTS 1 MAXEXTENTS 2147483645
  PCTINCREASE 0 FREELISTS 1 FREELIST GROUPS 1 BUFFER_POOL DEFAULT FLASH_CACHE DEFAULT CELL_FLASH_CACHE DEFAULT)
  TABLESPACE "USERS"  ENABLE;
 
  ALTER TABLE "ADMIN"."CUSTOMER" MODIFY ("C_FNAME" NOT NULL ENABLE);
 
  ALTER TABLE "ADMIN"."CUSTOMER" MODIFY ("C_LNAME" NOT NULL ENABLE);
 
  ALTER TABLE "ADMIN"."CUSTOMER" MODIFY ("C_ADDRESS" NOT NULL ENABLE);
 
  ALTER TABLE "ADMIN"."CUSTOMER" MODIFY ("PROVINCE_ID" NOT NULL ENABLE);
 
  ALTER TABLE "ADMIN"."CUSTOMER" MODIFY ("C_PASSWORD" NOT NULL ENABLE);
 
  ALTER TABLE "ADMIN"."CUSTOMER" MODIFY ("C_ID" NOT NULL ENABLE);
--------------------------------------------------------
--  Constraints for Table ORDERHEAD
--------------------------------------------------------

  ALTER TABLE "ADMIN"."ORDERHEAD" ADD CONSTRAINT "ORDERHEAD_PK" PRIMARY KEY ("ORDER_NUMBER")
  USING INDEX PCTFREE 10 INITRANS 2 MAXTRANS 255 COMPUTE STATISTICS 
  STORAGE(INITIAL 65536 NEXT 1048576 MINEXTENTS 1 MAXEXTENTS 2147483645
  PCTINCREASE 0 FREELISTS 1 FREELIST GROUPS 1 BUFFER_POOL DEFAULT FLASH_CACHE DEFAULT CELL_FLASH_CACHE DEFAULT)
  TABLESPACE "USERS"  ENABLE;
 
  ALTER TABLE "ADMIN"."ORDERHEAD" MODIFY ("ORDER_NUMBER" NOT NULL ENABLE);
 
  ALTER TABLE "ADMIN"."ORDERHEAD" MODIFY ("STATUS" NOT NULL ENABLE);
 
  ALTER TABLE "ADMIN"."ORDERHEAD" MODIFY ("C_ID" NOT NULL ENABLE);
 
  ALTER TABLE "ADMIN"."ORDERHEAD" MODIFY ("ORDER_DATE" NOT NULL ENABLE);
--------------------------------------------------------
--  Constraints for Table ORDERDETAIL
--------------------------------------------------------

  ALTER TABLE "ADMIN"."ORDERDETAIL" ADD CONSTRAINT "ORDERDETAIL_PK" PRIMARY KEY ("ORDER_NUMBER", "F_ID")
  USING INDEX PCTFREE 10 INITRANS 2 MAXTRANS 255 COMPUTE STATISTICS 
  STORAGE(INITIAL 65536 NEXT 1048576 MINEXTENTS 1 MAXEXTENTS 2147483645
  PCTINCREASE 0 FREELISTS 1 FREELIST GROUPS 1 BUFFER_POOL DEFAULT FLASH_CACHE DEFAULT CELL_FLASH_CACHE DEFAULT)
  TABLESPACE "USERS"  ENABLE;
 
  ALTER TABLE "ADMIN"."ORDERDETAIL" MODIFY ("ORDER_NUMBER" NOT NULL ENABLE);
 
  ALTER TABLE "ADMIN"."ORDERDETAIL" MODIFY ("F_ID" NOT NULL ENABLE);
 
  ALTER TABLE "ADMIN"."ORDERDETAIL" MODIFY ("ORDER_QUANTITY_KG" NOT NULL ENABLE);
--------------------------------------------------------
--  Constraints for Table BILLHEAD
--------------------------------------------------------

  ALTER TABLE "ADMIN"."BILLHEAD" ADD CONSTRAINT "BILLHEAD_PK" PRIMARY KEY ("BILL_NUMBER")
  USING INDEX PCTFREE 10 INITRANS 2 MAXTRANS 255 COMPUTE STATISTICS 
  STORAGE(INITIAL 65536 NEXT 1048576 MINEXTENTS 1 MAXEXTENTS 2147483645
  PCTINCREASE 0 FREELISTS 1 FREELIST GROUPS 1 BUFFER_POOL DEFAULT FLASH_CACHE DEFAULT CELL_FLASH_CACHE DEFAULT)
  TABLESPACE "USERS"  ENABLE;
 
  ALTER TABLE "ADMIN"."BILLHEAD" MODIFY ("ORC_ID" NOT NULL ENABLE);
 
  ALTER TABLE "ADMIN"."BILLHEAD" MODIFY ("M_ID" NOT NULL ENABLE);
 
  ALTER TABLE "ADMIN"."BILLHEAD" MODIFY ("STATUS" NOT NULL ENABLE);
 
  ALTER TABLE "ADMIN"."BILLHEAD" MODIFY ("BILL_DATE" NOT NULL ENABLE);
 
  ALTER TABLE "ADMIN"."BILLHEAD" MODIFY ("BILL_NUMBER" NOT NULL ENABLE);
--------------------------------------------------------
--  Constraints for Table BILLDETAIL
--------------------------------------------------------

  ALTER TABLE "ADMIN"."BILLDETAIL" ADD CONSTRAINT "BILLDETAIL_PK" PRIMARY KEY ("BILL_NUMBER", "F_ID")
  USING INDEX PCTFREE 10 INITRANS 2 MAXTRANS 255 COMPUTE STATISTICS 
  STORAGE(INITIAL 65536 NEXT 1048576 MINEXTENTS 1 MAXEXTENTS 2147483645
  PCTINCREASE 0 FREELISTS 1 FREELIST GROUPS 1 BUFFER_POOL DEFAULT FLASH_CACHE DEFAULT CELL_FLASH_CACHE DEFAULT)
  TABLESPACE "USERS"  ENABLE;
 
  ALTER TABLE "ADMIN"."BILLDETAIL" MODIFY ("BILL_NUMBER" NOT NULL ENABLE);
 
  ALTER TABLE "ADMIN"."BILLDETAIL" MODIFY ("F_ID" NOT NULL ENABLE);
 
  ALTER TABLE "ADMIN"."BILLDETAIL" MODIFY ("BILL_QUANTITY_KG" NOT NULL ENABLE);
 
  ALTER TABLE "ADMIN"."BILLDETAIL" MODIFY ("BILL_PRICE" NOT NULL ENABLE);
--------------------------------------------------------
--  Constraints for Table PROVINCE
--------------------------------------------------------

  ALTER TABLE "ADMIN"."PROVINCE" ADD CONSTRAINT "PROVINCE_PK" PRIMARY KEY ("PROVINCE_ID")
  USING INDEX PCTFREE 10 INITRANS 2 MAXTRANS 255 COMPUTE STATISTICS 
  STORAGE(INITIAL 65536 NEXT 1048576 MINEXTENTS 1 MAXEXTENTS 2147483645
  PCTINCREASE 0 FREELISTS 1 FREELIST GROUPS 1 BUFFER_POOL DEFAULT FLASH_CACHE DEFAULT CELL_FLASH_CACHE DEFAULT)
  TABLESPACE "USERS"  ENABLE;
 
  ALTER TABLE "ADMIN"."PROVINCE" MODIFY ("PROVINCE_ID" NOT NULL ENABLE);
 
  ALTER TABLE "ADMIN"."PROVINCE" MODIFY ("PROVINCE_NAME" NOT NULL ENABLE);
--------------------------------------------------------
--  Constraints for Table FRUITSTOCK
--------------------------------------------------------

  ALTER TABLE "ADMIN"."FRUITSTOCK" ADD CONSTRAINT "FRUITSTOCK_PK" PRIMARY KEY ("F_ID")
  USING INDEX PCTFREE 10 INITRANS 2 MAXTRANS 255 COMPUTE STATISTICS 
  STORAGE(INITIAL 65536 NEXT 1048576 MINEXTENTS 1 MAXEXTENTS 2147483645
  PCTINCREASE 0 FREELISTS 1 FREELIST GROUPS 1 BUFFER_POOL DEFAULT FLASH_CACHE DEFAULT CELL_FLASH_CACHE DEFAULT)
  TABLESPACE "USERS"  ENABLE;
 
  ALTER TABLE "ADMIN"."FRUITSTOCK" MODIFY ("F_ID" NOT NULL ENABLE);
 
  ALTER TABLE "ADMIN"."FRUITSTOCK" MODIFY ("F_NAME" NOT NULL ENABLE);
 
  ALTER TABLE "ADMIN"."FRUITSTOCK" MODIFY ("INSTOCK_KG" NOT NULL ENABLE);
--------------------------------------------------------
--  Constraints for Table MEMBER
--------------------------------------------------------

  ALTER TABLE "ADMIN"."MEMBER" ADD CONSTRAINT "MEMBER_PK" PRIMARY KEY ("M_ID")
  USING INDEX PCTFREE 10 INITRANS 2 MAXTRANS 255 COMPUTE STATISTICS 
  STORAGE(INITIAL 65536 NEXT 1048576 MINEXTENTS 1 MAXEXTENTS 2147483645
  PCTINCREASE 0 FREELISTS 1 FREELIST GROUPS 1 BUFFER_POOL DEFAULT FLASH_CACHE DEFAULT CELL_FLASH_CACHE DEFAULT)
  TABLESPACE "USERS"  ENABLE;
 
  ALTER TABLE "ADMIN"."MEMBER" MODIFY ("M_ID" NOT NULL ENABLE);
 
  ALTER TABLE "ADMIN"."MEMBER" MODIFY ("M_FNAME" NOT NULL ENABLE);
 
  ALTER TABLE "ADMIN"."MEMBER" MODIFY ("M_LNAME" NOT NULL ENABLE);
 
  ALTER TABLE "ADMIN"."MEMBER" MODIFY ("M_ADDRESS" NOT NULL ENABLE);
 
  ALTER TABLE "ADMIN"."MEMBER" MODIFY ("PROVINCE_ID" NOT NULL ENABLE);
 
  ALTER TABLE "ADMIN"."MEMBER" MODIFY ("M_PASSWORD" NOT NULL ENABLE);
--------------------------------------------------------
--  Constraints for Table POSITION
--------------------------------------------------------

  ALTER TABLE "ADMIN"."POSITION" ADD CONSTRAINT "POSITION_PK" PRIMARY KEY ("P_ID")
  USING INDEX PCTFREE 10 INITRANS 2 MAXTRANS 255 COMPUTE STATISTICS 
  STORAGE(INITIAL 65536 NEXT 1048576 MINEXTENTS 1 MAXEXTENTS 2147483645
  PCTINCREASE 0 FREELISTS 1 FREELIST GROUPS 1 BUFFER_POOL DEFAULT FLASH_CACHE DEFAULT CELL_FLASH_CACHE DEFAULT)
  TABLESPACE "USERS"  ENABLE;
 
  ALTER TABLE "ADMIN"."POSITION" MODIFY ("P_ID" NOT NULL ENABLE);
 
  ALTER TABLE "ADMIN"."POSITION" MODIFY ("P_NAME" NOT NULL ENABLE);
--------------------------------------------------------
--  DDL for Index POSITION_PK
--------------------------------------------------------

  CREATE UNIQUE INDEX "ADMIN"."POSITION_PK" ON "ADMIN"."POSITION" ("P_ID") 
  PCTFREE 10 INITRANS 2 MAXTRANS 255 COMPUTE STATISTICS 
  STORAGE(INITIAL 65536 NEXT 1048576 MINEXTENTS 1 MAXEXTENTS 2147483645
  PCTINCREASE 0 FREELISTS 1 FREELIST GROUPS 1 BUFFER_POOL DEFAULT FLASH_CACHE DEFAULT CELL_FLASH_CACHE DEFAULT)
  TABLESPACE "USERS" ;
--------------------------------------------------------
--  DDL for Index FRUITSTOCK_PK
--------------------------------------------------------

  CREATE UNIQUE INDEX "ADMIN"."FRUITSTOCK_PK" ON "ADMIN"."FRUITSTOCK" ("F_ID") 
  PCTFREE 10 INITRANS 2 MAXTRANS 255 COMPUTE STATISTICS 
  STORAGE(INITIAL 65536 NEXT 1048576 MINEXTENTS 1 MAXEXTENTS 2147483645
  PCTINCREASE 0 FREELISTS 1 FREELIST GROUPS 1 BUFFER_POOL DEFAULT FLASH_CACHE DEFAULT CELL_FLASH_CACHE DEFAULT)
  TABLESPACE "USERS" ;
--------------------------------------------------------
--  DDL for Index BILLDETAIL_PK
--------------------------------------------------------

  CREATE UNIQUE INDEX "ADMIN"."BILLDETAIL_PK" ON "ADMIN"."BILLDETAIL" ("BILL_NUMBER", "F_ID") 
  PCTFREE 10 INITRANS 2 MAXTRANS 255 COMPUTE STATISTICS 
  STORAGE(INITIAL 65536 NEXT 1048576 MINEXTENTS 1 MAXEXTENTS 2147483645
  PCTINCREASE 0 FREELISTS 1 FREELIST GROUPS 1 BUFFER_POOL DEFAULT FLASH_CACHE DEFAULT CELL_FLASH_CACHE DEFAULT)
  TABLESPACE "USERS" ;
--------------------------------------------------------
--  DDL for Index PROVINCE_PK
--------------------------------------------------------

  CREATE UNIQUE INDEX "ADMIN"."PROVINCE_PK" ON "ADMIN"."PROVINCE" ("PROVINCE_ID") 
  PCTFREE 10 INITRANS 2 MAXTRANS 255 COMPUTE STATISTICS 
  STORAGE(INITIAL 65536 NEXT 1048576 MINEXTENTS 1 MAXEXTENTS 2147483645
  PCTINCREASE 0 FREELISTS 1 FREELIST GROUPS 1 BUFFER_POOL DEFAULT FLASH_CACHE DEFAULT CELL_FLASH_CACHE DEFAULT)
  TABLESPACE "USERS" ;
--------------------------------------------------------
--  DDL for Index ORDERHEAD_PK
--------------------------------------------------------

  CREATE UNIQUE INDEX "ADMIN"."ORDERHEAD_PK" ON "ADMIN"."ORDERHEAD" ("ORDER_NUMBER") 
  PCTFREE 10 INITRANS 2 MAXTRANS 255 COMPUTE STATISTICS 
  STORAGE(INITIAL 65536 NEXT 1048576 MINEXTENTS 1 MAXEXTENTS 2147483645
  PCTINCREASE 0 FREELISTS 1 FREELIST GROUPS 1 BUFFER_POOL DEFAULT FLASH_CACHE DEFAULT CELL_FLASH_CACHE DEFAULT)
  TABLESPACE "USERS" ;
--------------------------------------------------------
--  DDL for Index ORDERDETAIL_PK
--------------------------------------------------------

  CREATE UNIQUE INDEX "ADMIN"."ORDERDETAIL_PK" ON "ADMIN"."ORDERDETAIL" ("ORDER_NUMBER", "F_ID") 
  PCTFREE 10 INITRANS 2 MAXTRANS 255 COMPUTE STATISTICS 
  STORAGE(INITIAL 65536 NEXT 1048576 MINEXTENTS 1 MAXEXTENTS 2147483645
  PCTINCREASE 0 FREELISTS 1 FREELIST GROUPS 1 BUFFER_POOL DEFAULT FLASH_CACHE DEFAULT CELL_FLASH_CACHE DEFAULT)
  TABLESPACE "USERS" ;
--------------------------------------------------------
--  DDL for Index BILLHEAD_PK
--------------------------------------------------------

  CREATE UNIQUE INDEX "ADMIN"."BILLHEAD_PK" ON "ADMIN"."BILLHEAD" ("BILL_NUMBER") 
  PCTFREE 10 INITRANS 2 MAXTRANS 255 COMPUTE STATISTICS 
  STORAGE(INITIAL 65536 NEXT 1048576 MINEXTENTS 1 MAXEXTENTS 2147483645
  PCTINCREASE 0 FREELISTS 1 FREELIST GROUPS 1 BUFFER_POOL DEFAULT FLASH_CACHE DEFAULT CELL_FLASH_CACHE DEFAULT)
  TABLESPACE "USERS" ;
--------------------------------------------------------
--  DDL for Index CUSTOMER_PK
--------------------------------------------------------

  CREATE UNIQUE INDEX "ADMIN"."CUSTOMER_PK" ON "ADMIN"."CUSTOMER" ("C_ID") 
  PCTFREE 10 INITRANS 2 MAXTRANS 255 COMPUTE STATISTICS 
  STORAGE(INITIAL 65536 NEXT 1048576 MINEXTENTS 1 MAXEXTENTS 2147483645
  PCTINCREASE 0 FREELISTS 1 FREELIST GROUPS 1 BUFFER_POOL DEFAULT FLASH_CACHE DEFAULT CELL_FLASH_CACHE DEFAULT)
  TABLESPACE "USERS" ;
--------------------------------------------------------
--  DDL for Index ORCHARD_PK
--------------------------------------------------------

  CREATE UNIQUE INDEX "ADMIN"."ORCHARD_PK" ON "ADMIN"."ORCHARD" ("ORC_ID") 
  PCTFREE 10 INITRANS 2 MAXTRANS 255 COMPUTE STATISTICS 
  STORAGE(INITIAL 65536 NEXT 1048576 MINEXTENTS 1 MAXEXTENTS 2147483645
  PCTINCREASE 0 FREELISTS 1 FREELIST GROUPS 1 BUFFER_POOL DEFAULT FLASH_CACHE DEFAULT CELL_FLASH_CACHE DEFAULT)
  TABLESPACE "USERS" ;
--------------------------------------------------------
--  DDL for Index MEMBER_PK
--------------------------------------------------------

  CREATE UNIQUE INDEX "ADMIN"."MEMBER_PK" ON "ADMIN"."MEMBER" ("M_ID") 
  PCTFREE 10 INITRANS 2 MAXTRANS 255 COMPUTE STATISTICS 
  STORAGE(INITIAL 65536 NEXT 1048576 MINEXTENTS 1 MAXEXTENTS 2147483645
  PCTINCREASE 0 FREELISTS 1 FREELIST GROUPS 1 BUFFER_POOL DEFAULT FLASH_CACHE DEFAULT CELL_FLASH_CACHE DEFAULT)
  TABLESPACE "USERS" ;
--------------------------------------------------------
--  Ref Constraints for Table BILLDETAIL
--------------------------------------------------------

  ALTER TABLE "ADMIN"."BILLDETAIL" ADD CONSTRAINT "FRUIT_BILLDETAIL_FK1" FOREIGN KEY ("F_ID")
	  REFERENCES "ADMIN"."FRUITSTOCK" ("F_ID") ENABLE;
 
  ALTER TABLE "ADMIN"."BILLDETAIL" ADD CONSTRAINT "NUMBER_BILLDETAIL_FK" FOREIGN KEY ("BILL_NUMBER")
	  REFERENCES "ADMIN"."BILLHEAD" ("BILL_NUMBER") ON DELETE CASCADE ENABLE;
--------------------------------------------------------
--  Ref Constraints for Table BILLHEAD
--------------------------------------------------------

  ALTER TABLE "ADMIN"."BILLHEAD" ADD CONSTRAINT "MEMBER_BILLHEAD_FK" FOREIGN KEY ("M_ID")
	  REFERENCES "ADMIN"."MEMBER" ("M_ID") ENABLE;
 
  ALTER TABLE "ADMIN"."BILLHEAD" ADD CONSTRAINT "ORCHARD_BILLHEAD_FK" FOREIGN KEY ("ORC_ID")
	  REFERENCES "ADMIN"."ORCHARD" ("ORC_ID") ENABLE;
--------------------------------------------------------
--  Ref Constraints for Table CUSTOMER
--------------------------------------------------------

  ALTER TABLE "ADMIN"."CUSTOMER" ADD CONSTRAINT "PROVINCE_CUSTOMER_FK" FOREIGN KEY ("PROVINCE_ID")
	  REFERENCES "ADMIN"."PROVINCE" ("PROVINCE_ID") ENABLE;

--------------------------------------------------------
--  Ref Constraints for Table MEMBER
--------------------------------------------------------

  ALTER TABLE "ADMIN"."MEMBER" ADD CONSTRAINT "POSITION_MEMBER_FK" FOREIGN KEY ("P_ID")
	  REFERENCES "ADMIN"."POSITION" ("P_ID") ENABLE;
 
  ALTER TABLE "ADMIN"."MEMBER" ADD CONSTRAINT "PROVINCE_MEMBER_FK" FOREIGN KEY ("PROVINCE_ID")
	  REFERENCES "ADMIN"."PROVINCE" ("PROVINCE_ID") ENABLE;
--------------------------------------------------------
--  Ref Constraints for Table ORCHARD
--------------------------------------------------------

  ALTER TABLE "ADMIN"."ORCHARD" ADD CONSTRAINT "PROVINCE_ORCHARD_FK" FOREIGN KEY ("PROVINCE_ID")
	  REFERENCES "ADMIN"."PROVINCE" ("PROVINCE_ID") ENABLE;
--------------------------------------------------------
--  Ref Constraints for Table ORDERDETAIL
--------------------------------------------------------

  ALTER TABLE "ADMIN"."ORDERDETAIL" ADD CONSTRAINT "FRUIT_ORDERDETAIL_FK" FOREIGN KEY ("F_ID")
	  REFERENCES "ADMIN"."FRUITSTOCK" ("F_ID") ENABLE;
 
  ALTER TABLE "ADMIN"."ORDERDETAIL" ADD CONSTRAINT "NUMBER_ORDERDETAIL_FK" FOREIGN KEY ("ORDER_NUMBER")
	  REFERENCES "ADMIN"."ORDERHEAD" ("ORDER_NUMBER") ON DELETE CASCADE ENABLE;
--------------------------------------------------------
--  Ref Constraints for Table ORDERHEAD
--------------------------------------------------------

  ALTER TABLE "ADMIN"."ORDERHEAD" ADD CONSTRAINT "CUST_ORDERHEAD_FK" FOREIGN KEY ("C_ID")
	  REFERENCES "ADMIN"."CUSTOMER" ("C_ID") ENABLE;


